snapshot_date,source_created_at,idProduct,name,idCategory,categoryName,idExpansion,idMetacard,dateAdded,avg,low,trend,avg1,avg7,avg30
2026-10-07,2026-10-07T02:49:35+0200,565899,Adventures in the Forgotten Realms Collector Booster Box,7,Magic Display,4259,0,2021-05-21 16:59:41,352.69,175,366.92,,,
2026-10-07,2026-10-07T02:49:35+0200,803869,Aetherdrift Collector Booster Box,7,Magic Display,5982,0,2024-12-11 10:59:59,239.15,200,248.61,,,
2026-10-07,2026-10-07T02:49:35+0200,774110,Bloomburrow Collector Booster Box,7,Magic Display,5658,0,2024-06-10 17:18:27,854.83,940,874.59,,,
2026-10-07,2026-10-07T02:49:35+0200,492099,Commander Legends Collector Booster Box,7,Magic Display,3454,0,2020-08-24 14:17:37,633,340,507.21,,,
2026-10-07,2026-10-07T02:49:35+0200,650825,Commander Legends: Battle for Baldur's Gate Collector Booster Box,7,Magic Display,5030,0,2022-03-29 14:37:06,612.96,450,671.89,,,
2026-10-07,2026-10-07T02:49:35+0200,698962,Commander Masters Collector Booster Box,7,Magic Display,5286,0,2023-02-22 14:58:05,560.7,425,545.43,,,
2026-10-07,2026-10-07T02:49:35+0200,466034,Core 2021 Collector Booster Box,7,Magic Display,3048,0,2020-06-05 10:49:33,406.5,350,317.71,,,
2026-10-07,2026-10-07T02:49:35+0200,681210,Dominaria Remastered Collector Booster Box,7,Magic Display,5192,0,2022-10-25 11:43:55,515.33,374.99,531.96,,,
2026-10-07,2026-10-07T02:49:35+0200,657414,Dominaria United Collector Booster Box,7,Magic Display,5072,0,2022-05-13 16:25:34,270.3,234.99,276.21,,,
2026-10-07,2026-10-07T02:49:35+0200,657282,Double Masters 2022 Collector Booster Box,7,Magic Display,5070,0,2022-05-13 15:30:40,406.5,295,406.8,,,
2026-10-07,2026-10-07T02:49:35+0200,776442,Duskmourn: House of Horror Collector Booster Box,7,Magic Display,5806,0,2024-07-02 16:45:10,455,455,555.19,,,
2026-10-07,2026-10-07T02:49:35+0200,813293,Edge of Eternities Collector Booster Box,7,Magic Display,6063,0,2025-02-24 12:46:27,600.75,499.9,682.65,,,
2026-10-07,2026-10-07T02:49:35+0200,426991,Ikoria: Lair of Behemoths Collector Booster Box,7,Magic Display,2819,0,2019-11-28 16:18:06,425.33,255,458.92,,,
2026-10-07,2026-10-07T02:49:35+0200,795092,Innistrad Remastered Collector Booster Box,7,Magic Display,5930,0,2024-10-28 12:31:23,379.01,319.99,393.04,,,
2026-10-07,2026-10-07T02:49:35+0200,573796,Innistrad: Crimson Vow Collector Booster Box,7,Magic Display,4364,0,2021-08-06 15:04:52,215.73,160,223.57,,,
2026-10-07,2026-10-07T02:49:35+0200,573781,Innistrad: Midnight Hunt Collector Booster Box,7,Magic Display,4362,0,2021-08-06 14:55:33,196.56,128.68,212.52,,,
2026-10-07,2026-10-07T02:49:35+0200,527325,Kaldheim Collector Booster Box,7,Magic Display,3660,0,2020-12-15 15:30:17,305.28,269,316.26,,,
2026-10-07,2026-10-07T02:49:35+0200,587696,Kamigawa: Neon Dynasty Collector Booster Box,7,Magic Display,4472,0,2021-12-17 11:54:15,431.08,319,467.02,,,
2026-10-07,2026-10-07T02:49:35+0200,851271,Lorwyn Eclipsed Collector Booster Box,7,Magic Display,6325,0,2025-09-29 09:18:52,344.64,279,353.94,,,
2026-10-07,2026-10-07T02:49:35+0200,812573,Magic: The Gathering - FINAL FANTASY Collector Booster Box,7,Magic Display,6057,0,2025-02-19 11:07:32,1222.97,895,1078.49,,,
2026-10-07,2026-10-07T02:49:35+0200,781941,Magic: The Gathering Foundations Collector Booster Box,7,Magic Display,5852,0,2024-08-07 11:49:07,642.98,329.95,637.59,,,
2026-10-07,2026-10-07T02:49:35+0200,842564,Magic: The Gathering | Avatar: The Last Airbender Collector Booster Box,7,Magic Display,6261,0,2025-08-13 11:34:30,369.16,349.95,369.29,,,
2026-10-07,2026-10-07T02:49:35+0200,869496,Magic: The Gathering | Marvel Super Heroes Collector Booster Box,7,Magic Display,6476,0,2026-01-28 13:25:37,325.55,290,311.45,,,
2026-10-07,2026-10-07T02:49:35+0200,814380,Magic: The Gathering | Marvel's Spider-Man Collector Booster Box,7,Magic Display,6070,0,2025-03-03 11:57:58,347.12,305,362.27,,,
2026-10-07,2026-10-07T02:49:35+0200,853671,Magic: The Gathering | Teenage Mutant Ninja Turtles Collector Booster Box,7,Magic Display,6345,0,2025-10-13 14:34:50,274.74,239,269.58,,,
2026-10-07,2026-10-07T02:49:35+0200,696391,March of the Machine Collector Booster Box,7,Magic Display,5227,0,2023-02-10 22:28:20,639.95,500,808.42,,,
2026-10-07,2026-10-07T02:49:35+0200,703885,March of the Machine: The Aftermath Collector Booster Box,7,Magic Display,5320,0,2023-03-31 15:26:44,189.75,139,188.77,,,
2026-10-07,2026-10-07T02:49:35+0200,562095,Modern Horizons 2 Collector Booster Box,7,Magic Display,4219,0,2021-04-27 14:45:19,468.9,400,480.91,,,
2026-10-07,2026-10-07T02:49:35+0200,758483,Modern Horizons 3 Collector Booster Box,7,Magic Display,5652,0,2024-02-26 11:57:51,706.13,599.9,732.39,,,
2026-10-07,2026-10-07T02:49:35+0200,748052,Murders at Karlov Manor Collector Booster Box,7,Magic Display,5561,0,2023-12-06 14:17:20,347.87,219.9,344.37,,,
2026-10-07,2026-10-07T02:49:35+0200,758326,Outlaws of Thunder Junction Collector Booster Box,7,Magic Display,5647,0,2024-02-24 10:01:37,308.75,246,369.34,,,
2026-10-07,2026-10-07T02:49:35+0200,683494,Phyrexia: All Will Be One Collector Booster Box,7,Magic Display,5184,0,2022-11-04 18:30:08,767.33,550,764.61,,,
2026-10-07,2026-10-07T02:49:35+0200,370211,Ravnica Allegiance Collector Booster Box,7,Magic Display,2411,0,2019-02-19 13:48:40,1174.5,750,720.25,,,
2026-10-07,2026-10-07T02:49:35+0200,737484,Ravnica Remastered Collector Booster Box,7,Magic Display,5505,0,2023-10-05 11:05:56,1647,1695,1445.21,,,
2026-10-07,2026-10-07T02:49:35+0200,885563,Reality Fracture Collector Booster Box,7,Magic Display,6571,0,2026-05-02 12:17:47,329.15,320,365.34,,,
2026-10-07,2026-10-07T02:49:35+0200,869357,Secrets of Strixhaven Collector Booster Box,7,Magic Display,6474,0,2026-01-28 10:47:39,376.26,330,376.8,,,
2026-10-07,2026-10-07T02:49:35+0200,897523,Star Trek Collector Booster Box,7,Magic Display,6657,0,2026-07-15 13:15:58,427.81,439.99,428.32,,,
2026-10-07,2026-10-07T02:49:35+0200,611248,Streets of New Capenna Collector Booster Box,7,Magic Display,4975,0,2022-03-04 16:18:49,211.99,169.9,219.93,,,
2026-10-07,2026-10-07T02:49:35+0200,540411,Strixhaven: School of Mages Collector Booster Box,7,Magic Display,3741,0,2021-02-19 14:36:40,458.67,440,435.08,,,
2026-10-07,2026-10-07T02:49:35+0200,813080,Tarkir: Dragonstorm Collector Booster Box,7,Magic Display,6060,0,2025-02-24 09:46:00,426.1,399.99,472.84,,,
2026-10-07,2026-10-07T02:49:35+0200,677805,The Brothers' War Collector Booster Box,7,Magic Display,5164,0,2022-09-29 11:06:30,557.86,448,659.46,,,
2026-10-07,2026-10-07T02:49:35+0200,885552,The Hobbit Collector Booster Box,7,Magic Display,6570,0,2026-05-02 11:28:12,674.52,520,587.35,,,
2026-10-07,2026-10-07T02:49:35+0200,698912,The Lord of the Rings: Tales of Middle-earth Collector Booster Box,7,Magic Display,5285,0,2023-02-22 12:27:41,1547.62,1300,1453.5,,,
2026-10-07,2026-10-07T02:49:35+0200,732335,The Lord of the Rings: Tales of Middle-earth Special Edition Collector Booster Box,7,Magic Display,5489,0,2023-09-08 15:57:44,4877.16,25,5779.56,,,
2026-10-07,2026-10-07T02:49:35+0200,734175,The Lost Caverns of Ixalan Collector Booster Box,7,Magic Display,5490,0,2023-09-23 10:44:56,839.45,649.9,835.92,,,
2026-10-07,2026-10-07T02:49:35+0200,426911,Theros Beyond Death Collector Booster Box,7,Magic Display,2814,0,2019-11-28 14:23:23,245.32,250,262.1,,,
2026-10-07,2026-10-07T02:49:35+0200,398849,Throne of Eldraine Collector Booster Box,7,Magic Display,2582,0,2019-09-04 15:32:27,290,284,287.58,,,
2026-10-07,2026-10-07T02:49:35+0200,586736,Unfinity Collector Booster Box,7,Magic Display,4468,0,2021-11-30 14:50:09,329.32,211.88,343.48,,,
2026-10-07,2026-10-07T02:49:35+0200,758498,Universes Beyond: Assassin's Creed Collector Booster Box,7,Magic Display,5655,0,2024-02-26 14:59:45,503.02,290,525.58,,,
2026-10-07,2026-10-07T02:49:35+0200,710800,Universes Beyond: Doctor Who Collector Booster Box,7,Magic Display,5358,0,2023-05-08 09:18:46,576.46,299,538.51,,,
2026-10-07,2026-10-07T02:49:35+0200,745340,Universes Beyond: Fallout Collector Booster Box,7,Magic Display,5544,0,2023-11-14 15:21:27,1491.8,1000,1562.07,,,
2026-10-07,2026-10-07T02:49:35+0200,719684,Wilds of Eldraine Collector Booster Box,7,Magic Display,5359,0,2023-06-21 14:21:48,774.99,479.9,730.79,,,
2026-10-07,2026-10-07T02:49:35+0200,486979,Zendikar Rising Collector Booster Box,7,Magic Display,3404,0,2020-07-31 14:02:38,376.36,350,385.18,,,
